Nome do Participante 1,participante1@email.com,Participante,2
Nome do Participante 2,participante2@email.com,Participante,2
Nome do Participante 3,participante3@email.com,Participante,2
Nome do Participante 4,participante4@email.com,Participante,2
Nome do Participante 5,participante5@email.com,Participante,2
Nome do Participante 6,participante6@email.com,Participante,2
Nome do Participante 7,participante7@email.com,Participante,2
Nome do Participante 8,participante8@email.com,Participante,2
Nome do Participante 9,participante9@email.com,Participante,2
Nome do Participante 10,participante10@email.com,Participante,2
