Nome do Participante 1,participante1@email.com,Participante,3
Nome do Participante 2,participante2@email.com,Participante,3
Nome do Participante 3,participante3@email.com,Participante,3
Nome do Participante 4,participante4@email.com,Participante,3
Nome do Participante 5,participante5@email.com,Participante,3
Nome do Participante 6,participante6@email.com,Participante,3
Nome do Participante 7,participante7@email.com,Participante,3
Nome do Participante 8,participante8@email.com,Participante,3
Nome do Participante 9,participante9@email.com,Participante,3
Nome do Participante 10,participante10@email.com,Participante,3
Nome do Participante 11,participante11@email.com,Participante,3
Nome do Participante 12,participante12@email.com,Participante,3
Nome do Participante 13,participante13@email.com,Participante,3
Nome do Participante 14,participante14@email.com,Participante,3
Nome do Participante 15,participante15@email.com,Participante,3
Nome do Participante 16,participante16@email.com,Participante,3
Nome do Participante 17,participante17@email.com,Participante,3
Nome do Participante 18,participante18@email.com,Participante,3
Nome do Participante 19,participante19@email.com,Participante,3
Nome do Participante 20,participante20@email.com,Participante,3
Nome do Participante 21,participante21@email.com,Participante,3
Nome do Participante 22,participante22@email.com,Participante,3
Nome do Participante 23,participante23@email.com,Participante,3
Nome do Participante 24,participante24@email.com,Participante,3
Nome do Participante 25,participante25@email.com,Participante,3
Nome do Participante 26,participante26@email.com,Participante,3
Nome do Participante 27,participante27@email.com,Participante,3
Nome do Participante 28,participante28@email.com,Participante,3
Nome do Participante 29,participante29@email.com,Participante,3
Nome do Participante 30,participante30@email.com,Participante,3
Nome do Participante 31,participante31@email.com,Participante,3
Nome do Participante 32,participante32@email.com,Participante,3
Nome do Participante 33,participante33@email.com,Participante,3
Nome do Participante 34,participante34@email.com,Participante,3
Nome do Participante 35,participante35@email.com,Participante,3
Nome do Participante 36,participante36@email.com,Participante,3
Nome do Participante 37,participante37@email.com,Participante,3
Nome do Participante 38,participante38@email.com,Participante,3
Nome do Participante 39,participante39@email.com,Participante,3
Nome do Participante 40,participante40@email.com,Participante,3
Nome do Participante 41,participante41@email.com,Participante,3
Nome do Participante 42,participante42@email.com,Participante,3
Nome do Participante 43,participante43@email.com,Participante,3
Nome do Participante 44,participante44@email.com,Participante,3
Nome do Participante 45,participante45@email.com,Participante,3
Nome do Organizador 1,organizador1@email.com,Organizador,4
Nome do Organizador 2,organizador2@email.com,Organizador,4
